WAPE_%,MAE,RMSE,R2,MAPE_%,sMAPE_%,Bias_%,n_test,seg_method,horizon,algo,mode,model,cluster_id,scope,n_devices,train_rows_cluster,own_model
24.644811016463787,3.1741362266975957,5.935433359089446,0.8369575411269705,64.86363075565804,40.43431570811778,-1.9376938902776069,3922,jenks,1,random_forest,Global,RandomForest-Global,-1,Unclustered,54,15407,False
24.644811016463787,3.1741362266975957,5.935433359089446,0.8369575411269705,64.86363075565804,40.43431570811778,-1.9376938902776069,3922,jenks,1,random_forest,Cluster,RandomForest-Cluster,-1,Unclustered,54,15407,False
24.07083986264119,2.501854908809313,4.466012366215526,0.812260792339962,91.34752776906126,26.26877017837177,-2.2570718938026135,24298,jenks,1,random_forest,Global,RandomForest-Global,0,Cluster 1,329,95811,True
24.5782557158165,2.5545942752094275,4.645258281313765,0.7968883330135094,397.73047928929054,26.49236732095577,-2.0029237550420667,24298,jenks,1,random_forest,Cluster,RandomForest-Cluster,0,Cluster 1,329,95811,True
14.890084915615187,1.7028958124367966,2.8960668119460156,0.8914878089553468,18.39528753991344,15.414251861866719,-1.7881268402482202,45399,jenks,1,random_forest,Global,RandomForest-Global,1,Cluster 2,615,179126,True
14.930396019474488,1.7075059681441502,2.908751401385327,0.8905351742089973,17.502267645491294,15.451910170553306,-1.7302552235458464,45399,jenks,1,random_forest,Cluster,RandomForest-Cluster,1,Cluster 2,615,179126,True
32.08408636679375,4.167591030512248,10.63482764581853,0.4819685714800196,290.16368318530687,45.334469925593496,0.515044948029437,3922,jenks,2,random_forest,Global,RandomForest-Global,-1,Unclustered,54,15354,False
32.08408636679375,4.167591030512248,10.63482764581853,0.4819685714800196,290.16368318530687,45.334469925593496,0.515044948029437,3922,jenks,2,random_forest,Cluster,RandomForest-Cluster,-1,Unclustered,54,15354,False
26.688149378237718,2.783351011415163,5.031945652302243,0.7635776022191922,119.31140460818186,29.271027876563018,-2.8193796502684987,24298,jenks,2,random_forest,Global,RandomForest-Global,0,Cluster 1,329,95482,True
27.637691074687964,2.8823802773166336,5.313710160001645,0.7363592991001742,548.7175938494804,29.90271504050955,-2.2162669639167785,24298,jenks,2,random_forest,Cluster,RandomForest-Cluster,0,Cluster 1,329,95482,True
16.008563290560783,1.8347020723132819,3.215972485449269,0.8670422242042246,24.35475968443133,16.546159840891082,-2.247576304887211,45399,jenks,2,random_forest,Global,RandomForest-Global,1,Cluster 2,615,178512,True
15.927073575343748,1.825362736442394,3.175020500960096,0.8704068160297351,19.873414658423332,16.50746658212708,-2.106180331058185,45399,jenks,2,random_forest,Cluster,RandomForest-Cluster,1,Cluster 2,615,178512,True
37.2134859431159,4.877020326803544,20.077577709994205,-0.8241156409940988,638.1446290571267,47.217536621621,2.7475311509037694,3922,jenks,3,random_forest,Global,RandomForest-Global,-1,Unclustered,54,15302,False
37.2134859431159,4.877020326803544,20.077577709994205,-0.8241156409940988,638.1446290571267,47.217536621621,2.7475311509037694,3922,jenks,3,random_forest,Cluster,RandomForest-Cluster,-1,Unclustered,54,15302,False
28.0188143352365,2.9329038692036766,5.3818563499132015,0.7315964972110437,86.94783983850606,30.671565013572266,-3.1144410688046897,24298,jenks,3,random_forest,Global,RandomForest-Global,0,Cluster 1,329,95153,True
29.259975019392176,3.062823891132861,5.858366124558971,0.681963477703617,771.0963962256503,31.362075874119398,-2.4989818017220387,24298,jenks,3,random_forest,Cluster,RandomForest-Cluster,0,Cluster 1,329,95153,True
16.551445513684065,1.9004009499967314,3.352582865856624,0.856217459667417,27.955590797737102,17.053104405009154,-2.6840842051771636,45399,jenks,3,random_forest,Global,RandomForest-Global,1,Cluster 2,615,177898,True
16.453089475000628,1.889107923705016,3.3169061492047676,0.859261318808228,21.475341348643383,17.018490382391256,-2.4390794075291677,45399,jenks,3,random_forest,Cluster,RandomForest-Cluster,1,Cluster 2,615,177898,True
69.32373687986632,9.208335065344048,15.815750591882793,-0.05557682255427543,190.2659532336524,83.60928566501337,-13.97654786233333,3406,adaptive,1,ridge,Global,Ridge-Global,-1,Unclustered,51,13332,False
69.32373687986632,9.208335065344048,15.815750591882793,-0.05557682255427543,190.2659532336524,83.60928566501337,-13.97654786233333,3406,adaptive,1,ridge,Cluster,Ridge-Cluster,-1,Unclustered,51,13332,False
46.508711195074135,5.277101414228478,9.060364499759174,-0.029486615310009734,55.33993515198128,51.08139843240232,-20.278174783222433,42463,adaptive,1,ridge,Global,Ridge-Global,0,Cluster 1,626,167361,True
15.687453456947553,1.7799737016163386,3.1654251867432226,0.8743410367169262,18.75524106261656,16.361319383589475,-1.5919364751117988,42463,adaptive,1,ridge,Cluster,Ridge-Cluster,0,Cluster 1,626,167361,True
65.93240681595182,7.177252061401332,11.776826790202023,-0.26827352878658806,244.25869823472541,69.19846150079111,-2.9298644300303667,21786,adaptive,1,ridge,Global,Ridge-Global,1,Cluster 2,321,85774,True
74.4059515240158,8.0996628933477,13.393336187576692,-0.6403400674483404,165.92452652823107,81.44351372685972,-17.66450635545316,21786,adaptive,1,ridge,Cluster,Ridge-Cluster,1,Cluster 2,321,85774,True
23.73207265777615,3.1523528110810966,5.558290974675264,0.8696254606992883,72.30380751631262,40.380388177571405,-4.336084959506743,3406,adaptive,1,random_forest,Global,RandomForest-Global,-1,Unclustered,51,13332,False
23.73207265777615,3.1523528110810966,5.558290974675264,0.8696254606992883,72.30380751631262,40.380388177571405,-4.336084959506743,3406,adaptive,1,random_forest,Cluster,RandomForest-Cluster,-1,Unclustered,51,13332,False
15.147897448395323,1.7187530893348268,3.1234024946004078,0.8776552689101904,19.783325953680503,15.609675003078927,-1.942481140739849,42463,adaptive,1,random_forest,Global,RandomForest-Global,0,Cluster 1,626,167361,True
15.201202206000783,1.724801302766608,3.1627982650865034,0.8745495137855519,18.043583438539667,15.68820047219883,-1.837982059581202,42463,adaptive,1,random_forest,Cluster,RandomForest-Cluster,0,Cluster 1,626,167361,True
23.799758844262268,2.590787694170875,4.401443861383188,0.8228477442685276,61.75992331334951,26.67297647918112,-2.5622246148105656,21786,adaptive,1,random_forest,Global,RandomForest-Global,1,Cluster 2,321,85774,True
24.147855148674918,2.628680667278713,4.4846937394304325,0.8160829749325487,242.94321725336383,26.92670354118949,-2.5057715376949585,21786,adaptive,1,random_forest,Cluster,RandomForest-Cluster,1,Cluster 2,321,85774,True
191.0557476715924,25.658637702580002,44.83098817466635,-7.377312968054996,513.8195146044947,129.19558115560926,16.64938844743625,3406,adaptive,2,ridge,Global,Ridge-Global,-1,Unclustered,51,13283,False
191.0557476715924,25.658637702580002,44.83098817466635,-7.377312968054996,513.8195146044947,129.19558115560926,16.64938844743625,3406,adaptive,2,ridge,Cluster,Ridge-Cluster,-1,Unclustered,51,13283,False
130.98186320617503,14.897273154115217,25.931715941146347,-7.388359357671842,155.89072927062756,119.25428464564179,-38.86859460439158,42463,adaptive,2,ridge,Global,Ridge-Global,0,Cluster 1,626,166736,True
16.815173029504507,1.9124802443826443,3.543456720636105,0.843372223928881,21.02374809652324,17.376972688992453,-2.1885768158923957,42463,adaptive,2,ridge,Cluster,Ridge-Cluster,0,Cluster 1,626,166736,True
193.62262983431248,21.16842688405614,35.843668500703934,-10.59814665150128,690.783084217029,124.82020853755952,23.565638189538156,21786,adaptive,2,ridge,Global,Ridge-Global,1,Cluster 2,321,85454,True
97.84963902601382,10.69773161910847,18.12420060546677,-1.9653872269511532,201.24290866718582,100.35767985077393,-24.67140161756288,21786,adaptive,2,ridge,Cluster,Ridge-Cluster,1,Cluster 2,321,85454,True
31.164460355251673,4.185362687053651,11.814402936438189,0.41820273648264084,118.25864400780961,44.91777357419315,-1.8482126099452652,3406,adaptive,2,random_forest,Global,RandomForest-Global,-1,Unclustered,51,13283,False
31.164460355251673,4.185362687053651,11.814402936438189,0.41820273648264084,118.25864400780961,44.91777357419315,-1.8482126099452652,3406,adaptive,2,random_forest,Cluster,RandomForest-Cluster,-1,Unclustered,51,13283,False
16.25077609212713,1.8482883392009162,3.4711892886226665,0.8496958021945443,20.758622274459274,16.791901527109808,-2.611791409618142,42463,adaptive,2,random_forest,Global,RandomForest-Global,0,Cluster 1,626,166736,True
16.287298819223928,1.8524422657719393,3.510044185969184,0.8463120975739116,20.314124830736606,16.80300099935015,-2.243275515561922,42463,adaptive,2,random_forest,Cluster,RandomForest-Cluster,0,Cluster 1,626,166736,True
26.304124089724816,2.8757843441077164,4.857273876320813,0.7870150701780925,164.8541327203811,29.626818822553552,-3.51049297371556,21786,adaptive,2,random_forest,Global,RandomForest-Global,1,Cluster 2,321,85454,True
27.000413495586912,2.951908459304104,5.1097691471648305,0.7642963808417997,262.2302930665706,30.12135122730475,-3.4530939133340572,21786,adaptive,2,random_forest,Cluster,RandomForest-Cluster,1,Cluster 2,321,85454,True
553.7614849179424,75.09727121191521,132.78627519929535,-71.58483859207679,1695.2035342548759,162.2532490504138,39.590672669878586,3406,adaptive,3,ridge,Global,Ridge-Global,-1,Unclustered,51,13234,False
553.7614849179424,75.09727121191521,132.78627519929535,-71.58483859207679,1695.2035342548759,162.2532490504138,39.590672669878586,3406,adaptive,3,ridge,Cluster,Ridge-Cluster,-1,Unclustered,51,13234,False
372.5216855954098,42.46110701389293,75.06202601575052,-68.96253755817821,433.9214616189578,157.17422308934923,-108.95626726176985,42463,adaptive,3,ridge,Global,Ridge-Global,0,Cluster 1,626,166111,True
17.21538422376194,1.9622596484338652,3.7088892614738036,0.8291902246991708,22.07086433080045,17.741523860806257,-2.715139157221978,42463,adaptive,3,ridge,Cluster,Ridge-Cluster,0,Cluster 1,626,166111,True
556.6131491301558,61.122745851151485,104.33124651664774,-96.19438854650846,2870.1135395145534,160.1152670343996,53.33105686014045,21786,adaptive,3,ridge,Global,Ridge-Global,1,Cluster 2,321,85134,True
145.23491590282745,15.948521638977828,26.908297044846066,-5.4652426027860495,262.6779574908662,122.74477645239944,-30.767283205777833,21786,adaptive,3,ridge,Cluster,Ridge-Cluster,1,Cluster 2,321,85134,True
33.949657235170996,4.604015783652758,15.407502009743782,0.022753768756362813,238.01049945628318,48.20552291228148,-2.573533065495463,3406,adaptive,3,random_forest,Global,RandomForest-Global,-1,Unclustered,51,13234,False
33.949657235170996,4.604015783652758,15.407502009743782,0.022753768756362813,238.01049945628318,48.20552291228148,-2.573533065495463,3406,adaptive,3,random_forest,Cluster,RandomForest-Cluster,-1,Unclustered,51,13234,False
16.918044766218095,1.9283680308061757,3.7349333523751795,0.8267829247528397,29.428428644648857,17.383975142176702,-3.056228924530754,42463,adaptive,3,random_forest,Global,RandomForest-Global,0,Cluster 1,626,166111,True
16.876017728608865,1.9235776666195907,3.720713278594147,0.8280993983516944,21.691828876039306,17.35261822917212,-2.555263057523028,42463,adaptive,3,random_forest,Cluster,RandomForest-Cluster,0,Cluster 1,626,166111,True
27.916302929772378,3.065542184453919,5.518640686557008,0.728057781330287,286.87609903492825,31.011094307494602,-3.711059926163412,21786,adaptive,3,random_forest,Global,RandomForest-Global,1,Cluster 2,321,85134,True
28.77277940340725,3.1595934908366097,5.691051189548952,0.7108006027392578,397.14225217995624,31.590001928301,-3.8819148839889928,21786,adaptive,3,random_forest,Cluster,RandomForest-Cluster,1,Cluster 2,321,85134,True
