WAPE_%,MAE,RMSE,R2,MAPE_%,sMAPE_%,Bias_%,n_test,horizon,algo,mode,model,seg_method,train_rows,fit_seconds,fallback_rows,devices_test
25.318199268027914,2.82783244814518,5.251049679356346,0.708643449479581,34.41338053315285,26.342995836678078,-1.5449804087511423,73619,1,naive,reference,Naive(t-7),jenks,0,0.0,0,998
18.309080069979597,2.0449720838937604,3.6921466509106455,0.8559575770770123,44.88006381000462,20.329719016533804,-1.941344967336649,73619,1,random_forest,Global,RandomForest-Global,jenks,290344,22.79964590000054,0,998
18.49037942270792,2.0652217148823393,3.77046133073035,0.8497821593873435,145.71353951435165,20.426740341552733,-1.8267449651837824,73619,1,random_forest,Cluster,RandomForest-Cluster,jenks,290344,7.118954399999893,3922,998
25.38137581837021,2.843151890137057,5.285358429726497,0.7070494992805301,34.589348132997046,26.405440699688548,-1.5155645082360412,73619,2,naive,reference,Naive(t-7),jenks,0,0.0,0,998
20.283369884566284,2.2720872910252154,4.5563458819911755,0.7822898258203486,69.18626482644919,22.2796878116997,-2.252617467468041,73619,2,random_forest,Global,RandomForest-Global,jenks,289348,7.613518699999986,0,998
20.52373768618949,2.299012630865087,4.643382352359171,0.7738928747165637,208.5116928587683,22.464315414016298,-1.9780766560223935,73619,2,random_forest,Cluster,RandomForest-Cluster,jenks,289348,5.4969466000002285,3922,998
25.46974385187249,2.8611594153683155,5.32259932147384,0.7049418256634488,34.71863842323485,26.504581954967737,-1.5593408805363995,73619,3,naive,reference,Naive(t-7),jenks,0,0.0,0,998
21.362383145039477,2.3997565121033437,6.161686166439591,0.6045794356872416,78.26008848517367,23.15487513023523,-2.478853867393636,73619,3,random_forest,Global,RandomForest-Global,jenks,288353,12.839166300000215,0,998
21.682104200301954,2.4356725744271697,6.291853287629123,0.5876962575294165,300.65053858243385,23.361433095933542,-2.13514449741117,73619,3,random_forest,Cluster,RandomForest-Cluster,jenks,288353,5.107810100000279,3922,998
25.276299016319985,2.855114862168354,5.315206191373734,0.7100821275358036,34.675614675312836,26.363936211189525,-1.9219376751232808,67655,1,naive,reference,Naive(t-7),adaptive,0,0.0,0,998
53.88719551959865,6.086893208109307,10.42964834049651,-0.11628242340448125,122.70469057724792,58.55295736998551,-14.52136964404544,67655,1,ridge,Global,Ridge-Global,adaptive,266467,0.3553751999997985,0,998
37.08504752957201,4.18898630284191,8.754740469469338,0.21345910516237077,74.41295046513098,40.7043429460315,-7.312961033731429,67655,1,ridge,Cluster,Ridge-Cluster,adaptive,266467,0.4384223999995811,3406,998
18.341045508560462,2.0717349318183973,3.730510055623625,0.8571858676851742,35.83084108580149,20.419284566757646,-2.276512754959358,67655,1,random_forest,Global,RandomForest-Global,adaptive,266467,20.08634510000047,0,998
18.482677831081592,2.0877331817493867,3.7829033852160108,0.8531461776614282,93.14467047344436,20.550274512336728,-2.1931104112886164,67655,1,random_forest,Cluster,RandomForest-Cluster,adaptive,266467,14.221168800000669,3406,998
25.30862105679915,2.8687697435518444,5.345000882566025,0.7094804943996699,34.77551801262855,26.420927687514634,-2.0329702088175106,67655,2,naive,reference,Naive(t-7),adaptive,0,0.0,0,998
154.02049951550651,17.458452118161684,30.609750999405875,-8.527946884874478,345.4724891923649,121.54708301711867,-16.165852323228595,67655,2,ridge,Global,Ridge-Global,adaptive,265473,0.340742099999261,0,998
52.37638632785616,5.936941093579261,14.657430087454573,-1.1847180492668943,102.72452442848528,49.727454791776694,-8.047808941206561,67655,2,ridge,Cluster,Ridge-Cluster,adaptive,265473,0.4302820000002612,3406,998
20.262773809989447,2.2968154723276024,4.710293957549546,0.7743809551622329,71.88193820959455,22.34091088918066,-2.8453707297884825,67655,2,random_forest,Global,RandomForest-Global,adaptive,265473,13.24031980000018,0,998
20.502032813336427,2.3239358353111794,4.813264545843963,0.7644087275649852,102.99432061033905,22.507124766346443,-2.5954645782244277,67655,2,random_forest,Cluster,RandomForest-Cluster,adaptive,265473,4.520185899999888,3406,998
25.415969733950668,2.890525652206045,5.384682942418955,0.7075056674176342,34.910836701855374,26.541110703755926,-2.0538901908766185,67655,3,naive,reference,Naive(t-7),adaptive,0,0.0,0,998
440.6405005109355,50.113479181019954,89.04569411928344,-78.98766696860766,1279.725763140277,158.37698335555652,-49.57951027027921,67655,3,ridge,Global,Ridge-Global,adaptive,264479,0.2515066999994815,0,998
89.22939908394038,10.147945157431105,33.6074502841707,-10.393792663167163,179.77515123236023,58.829511399883216,-8.897613599760529,67655,3,ridge,Cluster,Ridge-Cluster,adaptive,264479,0.3246312000001126,3406,998
21.360113455713346,2.4292583176669424,5.523918401077664,0.6921836446638377,122.41615044921137,23.323796439059308,-3.2308560764655923,67655,3,random_forest,Global,RandomForest-Global,adaptive,264479,7.298184600000241,0,998
21.599977327700685,2.4565377283002787,5.574000593186477,0.686576754316736,153.09253859540118,23.49053315962652,-2.9688501929649407,67655,3,random_forest,Cluster,RandomForest-Cluster,adaptive,264479,4.635016600000199,3406,998
